{
  "accuracy": 0.9849011384062313,
  "precision": 0.978675645342312,
  "recall": 0.9929401047597358,
  "f1": 0.9857562740221569,
  "roc_auc": 0.9979842344327104
}