{
  "accuracy": 0.986698621929299,
  "precision": 0.984053381587876,
  "recall": 0.990776588476429,
  "f1": 0.9874035406264186,
  "roc_auc": 0.9979903469148222
}