{
  "accuracy": 0.9855002995805872,
  "precision": 0.9792368125701459,
  "recall": 0.9935094511500797,
  "f1": 0.9863215012434999,
  "roc_auc": 0.9979681432695539
}