{
    "0": {
        "precision": 0.9795287755890305,
        "recall": 0.9620637329286799,
        "f1-score": 0.9707177033492823,
        "support": 7908.0
    },
    "1": {
        "precision": 0.9663790205087975,
        "recall": 0.9818947847870645,
        "f1-score": 0.9740751200225924,
        "support": 8782.0
    },
    "accuracy": 0.9724985020970641,
    "macro avg": {
        "precision": 0.9729538980489141,
        "recall": 0.9719792588578722,
        "f1-score": 0.9723964116859374,
        "support": 16690.0
    },
    "weighted avg": {
        "precision": 0.972609593497083,
        "recall": 0.9724985020970641,
        "f1-score": 0.9724843200793608,
        "support": 16690.0
    }
}